id_venda,nome_cliente,valor_produto,quantidade_venda,valor_envio,regiao,codigo_produto,data_venda,codigo_funcionario
1,António Carneiro,150.93,20,28.23,Lisboa-Sul,P005,2023-08-25,F046
2,Érica Gomes,447.34,1,18.25,Porto-Norte,P003,2023-11-13,F049
3,Inês Pereira,424.14,13,48.53,Alentejo-Sul,P005,2024-06-02,F004
4,António Ramos,364.87,18,44.76,Porto-Norte,P002,2024-04-20,F009
5,Valentim Moreira,247.07,1,41.3,Alentejo-Sul,P005,2023-10-28,F007
6,Inês do Amaral,324.68,13,49.74,Porto-Norte,P002,2023-12-05,F018
7,Melissa Pires,391.15,13,40.03,Porto-Norte,P003,2024-05-02,F029
8,Laura Henriques,257.9,9,9.81,Coimbra-Centro,P004,2024-03-19,F002
9,Carminho Castro,253.99,17,43.71,Alentejo-Sul,P005,2024-04-24,F011
10,Matias Almeida,12.99,1,38.67,Coimbra-Centro,P003,2024-05-19,F021
11,Renato Mota,147.05,12,21.45,Alentejo-Sul,P005,2023-12-27,F022
12,Samuel Cunha,26.81,20,35.74,Lisboa-Sul,P003,2024-03-16,F041
13,Joel Brito,132.81,17,31.41,Coimbra-Centro,P003,2024-06-21,F019
14,Mauro Reis,274.88,5,25.45,Lisboa-Sul,P003,2023-11-13,F015
15,Jaime Simões,431.52,10,26.32,Alentejo-Sul,P001,2024-02-04,F037
16,Alexandre Macedo,244.28,12,19.42,Algarve-Sul,P003,2024-01-24,F042
17,José Garcia,356.44,13,6.28,Porto-Norte,P004,2024-05-10,F037
18,Joaquim Neves-Ramos,35.26,9,5.37,Porto-Norte,P005,2023-11-09,F036
19,Ivan Guerreiro,50.35,7,17.8,Porto-Norte,P001,2024-04-22,F030
20,Rui Ribeiro,243.81,15,42.06,Lisboa-Sul,P001,2024-03-10,F004
21,Renato Ribeiro,65.63,18,23.85,Lisboa-Sul,P003,2024-06-12,F027
22,Nelson de Cruz,38.96,1,47.29,Porto-Norte,P001,2023-11-05,F014
23,Irina Esteves,137.17,5,42.96,Alentejo-Sul,P004,2023-09-19,F019
24,Francisca-Nádia Melo,439.09,14,16.52,Alentejo-Sul,P001,2023-12-16,F048
25,Ismael Mendes-Andrade,18.36,3,20.81,Alentejo-Sul,P001,2024-03-11,F044
26,Sérgio Moura,439.27,1,19.24,Coimbra-Centro,P003,2024-01-14,F008
27,Ângela Sousa,218.76,10,37.94,Algarve-Sul,P001,2024-03-31,F032
28,Alexandre Faria,478.53,11,24.59,Coimbra-Centro,P003,2023-12-27,F035
29,Ângela Lima-Correia,58.45,8,42.04,Alentejo-Sul,P004,2023-08-04,F044
30,Ariana Pacheco,412.79,5,42.86,Porto-Norte,P004,2024-01-01,F005
31,Emanuel Santos,32.02,16,38.49,Alentejo-Sul,P005,2024-06-22,F033
32,Emanuel Faria,102.09,1,10.06,Porto-Norte,P002,2023-07-31,F021
33,Constança Lima,184.05,12,12.52,Lisboa-Sul,P003,2024-02-02,F024
34,Leonor Fonseca,93.41,2,13.65,Alentejo-Sul,P005,2024-03-24,F010
35,Leonor Fernandes,47.72,5,28.58,Alentejo-Sul,P004,2024-05-22,F031
36,Márcio da Neto,158.78,18,28.01,Porto-Norte,P004,2023-11-01,F007
37,Henrique Pires,342.96,12,44.02,Alentejo-Sul,P005,2024-06-26,F039
38,Lourenço Neto,360.49,17,30.9,Porto-Norte,P003,2024-03-12,F047
39,Bruna Abreu,234.72,8,8.1,Alentejo-Sul,P003,2023-11-12,F001
40,Rui Reis,38.61,11,8.85,Alentejo-Sul,P003,2024-04-28,F049
41,Teresa Martins,239.53,3,39.55,Algarve-Sul,P002,2023-07-25,F018
42,Isabel Lima,228.92,5,46.28,Porto-Norte,P002,2023-08-14,F025
43,Sebastião Barbosa,377.02,5,16.95,Alentejo-Sul,P001,2024-03-08,F050
44,Bianca Nogueira,496.33,8,20.69,Coimbra-Centro,P002,2023-07-07,F019
45,Martim Amorim,251.13,18,9.55,Lisboa-Sul,P002,2023-09-26,F026
46,Isabel Cruz,405.58,5,16.85,Lisboa-Sul,P003,2023-11-21,F040
47,Andreia Paiva,427.54,2,18.42,Algarve-Sul,P005,2024-03-30,F032
48,Emma-Flor Garcia,277.24,19,20.94,Porto-Norte,P005,2023-07-14,F035
49,Wilson Guerreiro,120.2,3,48.5,Lisboa-Sul,P004,2024-01-08,F044
50,Renata de Pires,16.53,14,49.22,Porto-Norte,P005,2023-10-23,F030
51,Gonçalo Neto,480.81,5,26.6,Algarve-Sul,P001,2024-05-09,F010
52,Sérgio Andrade,25.39,2,20.42,Coimbra-Centro,P005,2024-01-30,F038
53,Jaime Cunha,200.88,13,45.51,Alentejo-Sul,P003,2024-07-04,F020
54,Ricardo Simões,289.29,2,28.95,Alentejo-Sul,P001,2023-08-19,F042
55,Mia Gaspar,147.14,7,10.96,Alentejo-Sul,P002,2024-05-17,F015
56,Pedro de Martins,375.92,11,10.72,Coimbra-Centro,P003,2024-04-30,F032
57,Sandro Silva,415.2,9,44.69,Algarve-Sul,P004,2023-07-05,F001
58,Vicente Matos,264.47,5,46.16,Lisboa-Sul,P003,2024-02-20,F028
59,William Valente,181.95,19,41.29,Lisboa-Sul,P002,2023-07-06,F022
60,Marco Teixeira,78.18,14,20.33,Alentejo-Sul,P002,2023-08-07,F047
61,Gonçalo Almeida,294.64,7,14.24,Alentejo-Sul,P002,2024-01-29,F022
62,Mia Pacheco,110.48,13,15.68,Lisboa-Sul,P001,2024-02-28,F025
63,Mateus Cruz,41.61,12,43.28,Alentejo-Sul,P001,2023-10-01,F021
64,Kyara Maia,307.88,12,23.35,Algarve-Sul,P003,2024-02-17,F019
65,Brian de Santos,374.55,11,14.19,Alentejo-Sul,P004,2023-11-09,F006
66,Fernando Amaral,276.68,12,31.83,Coimbra-Centro,P005,2024-01-14,F048
67,Iara-Adriana Pinto,235.62,16,40.23,Coimbra-Centro,P005,2024-04-05,F037
68,Emma-Yasmin Amorim,37.77,9,24.55,Porto-Norte,P005,2023-11-20,F031
69,Simão Batista,27.82,9,41.78,Coimbra-Centro,P002,2024-03-24,F016
70,Lara Alves,340.06,17,31.7,Alentejo-Sul,P001,2024-07-03,F047
71,Larissa Jesus-Lopes,363.99,14,40.08,Alentejo-Sul,P002,2023-08-01,F050
72,Tiago Brito-Fonseca,220.3,5,37.37,Porto-Norte,P003,2024-01-05,F021
73,Kévim Branco,172.34,20,47.81,Lisboa-Sul,P004,2024-04-01,F033
74,Clara Araújo,482.43,7,28.19,Lisboa-Sul,P005,2024-03-26,F001
75,Diogo Anjos,304.21,14,16.42,Lisboa-Sul,P001,2023-08-23,F048
76,Ivo Henriques,259.63,2,47.76,Coimbra-Centro,P001,2023-11-21,F029
77,Emma Andrade-Jesus,294.82,20,42.79,Coimbra-Centro,P002,2023-12-04,F022
78,Carlota Reis,18.27,12,10.99,Lisboa-Sul,P003,2024-02-29,F003
79,Gustavo Teixeira,258.08,16,34.92,Porto-Norte,P004,2023-07-28,F026
80,Ângelo Rocha-Silva,423.26,14,18.35,Alentejo-Sul,P005,2024-01-13,F004
81,Lorena Teixeira,267.79,19,48.25,Algarve-Sul,P002,2024-04-19,F004
82,Ismael Assunção,305.91,4,41.65,Algarve-Sul,P004,2023-12-05,F003
83,Victória do Ribeiro,332.5,11,32.03,Porto-Norte,P003,2023-07-15,F028
84,Dinis Carvalho,65.38,6,39.39,Alentejo-Sul,P003,2024-04-16,F027
85,Benjamim Antunes,73.7,11,43.08,Lisboa-Sul,P004,2023-07-11,F021
86,Renato Antunes,429.04,2,44.98,Porto-Norte,P004,2024-01-09,F050
87,Pilar Oliveira,207.01,7,34.93,Lisboa-Sul,P003,2024-06-03,F047
88,Benedita Moura,36.87,20,20.01,Alentejo-Sul,P001,2024-02-13,F020
89,Soraia Anjos,384.51,8,5.6,Algarve-Sul,P002,2024-05-24,F019
90,Eduarda Teixeira,198.76,6,40.67,Porto-Norte,P003,2024-02-11,F003
91,Nelson do Brito,425.3,11,49.61,Coimbra-Centro,P005,2023-08-08,F018
92,Mariana Pinto,46.89,18,13.23,Coimbra-Centro,P002,2023-08-04,F018
93,Joel Lourenço,374.96,20,46.31,Alentejo-Sul,P005,2024-06-09,F049
94,Hugo Cardoso,437.87,20,12.37,Alentejo-Sul,P002,2024-02-01,F027
95,Vitória-Vitória Ramos,344.84,13,38.75,Porto-Norte,P005,2023-08-06,F004
96,Eduardo Barbosa,369.28,15,42.58,Coimbra-Centro,P004,2024-04-25,F050
97,Joel Mendes,338.34,3,48.72,Alentejo-Sul,P005,2023-10-31,F007
98,Bruna Guerreiro,236.16,13,31.03,Lisboa-Sul,P003,2024-06-12,F018
99,Hugo Gaspar,254.21,17,27.82,Coimbra-Centro,P001,2023-11-29,F004
100,Rafaela Cardoso,463.59,18,11.85,Alentejo-Sul,P002,2023-09-03,F005
101,Naiara Henriques,469.3,20,10.15,Porto-Norte,P003,2023-12-20,F034
102,Artur Matos-Martins,26.4,19,31.9,Lisboa-Sul,P005,2024-04-03,F037
103,Carminho Rocha,189.47,17,15.68,Coimbra-Centro,P001,2023-07-29,F017
104,Débora Domingues,156.32,14,35.14,Porto-Norte,P004,2023-09-28,F038
105,Carlos Marques,348.85,12,40.09,Algarve-Sul,P001,2023-07-19,F037
106,Núria Sá,91.68,17,31.19,Coimbra-Centro,P003,2024-01-26,F028
107,Noa Batista,365.37,19,43.65,Porto-Norte,P002,2023-08-29,F029
108,Ismael Ramos,233.13,14,42.06,Lisboa-Sul,P003,2024-07-03,F043
109,Guilherme Brito,351.32,17,43.71,Alentejo-Sul,P004,2024-06-24,F021
110,Tatiana da Lopes,406.72,8,30.28,Lisboa-Sul,P002,2023-11-03,F035
111,Sara Oliveira-Soares,211.14,15,46.41,Porto-Norte,P004,2024-05-11,F032
112,Martim Nunes,29.91,2,27.86,Alentejo-Sul,P001,2024-03-26,F023
113,César Sousa,303.15,15,14.94,Porto-Norte,P003,2023-10-10,F031
114,Petra Esteves,149.16,4,26.62,Porto-Norte,P003,2023-11-15,F045
115,Ismael Antunes,234.74,20,25.87,Alentejo-Sul,P005,2023-07-30,F020
116,Kevin Vaz-Pinto,319.88,1,31.28,Alentejo-Sul,P005,2024-05-19,F017
117,Miguel Araújo,426.06,8,38.8,Algarve-Sul,P003,2023-08-14,F032
118,Gonçalo Pires,261.33,4,18.67,Coimbra-Centro,P003,2023-07-10,F016
119,Lúcia Fonseca-Moura,422.62,3,21.16,Algarve-Sul,P004,2024-01-28,F023
120,Carlos Macedo,317.39,16,37.81,Coimbra-Centro,P003,2023-12-08,F017
121,Sandro Soares,496.5,12,12.06,Lisboa-Sul,P004,2024-05-22,F026
122,Ismael Pinto,53.32,19,10.35,Alentejo-Sul,P001,2024-06-05,F031
123,Inês Cardoso,233.28,2,24.69,Alentejo-Sul,P005,2024-03-30,F040
124,Tatiana Rodrigues,409.13,12,43.52,Algarve-Sul,P004,2024-03-23,F037
125,Alexandre Gomes,300.85,16,6.15,Coimbra-Centro,P002,2024-06-27,F025
126,Alexandra Nascimento,114.24,18,41.68,Alentejo-Sul,P002,2024-06-26,F014
127,Yara Magalhães,199.47,10,9.96,Algarve-Sul,P004,2023-11-07,F018
128,Violeta Sá,365.06,20,44.55,Lisboa-Sul,P002,2023-10-19,F043
129,Valentim Torres,181.16,7,35.1,Algarve-Sul,P004,2024-02-21,F031
130,Margarida Mota,452.9,1,14.65,Algarve-Sul,P001,2023-08-14,F005
131,Alícia de Batista,186.25,1,37.39,Algarve-Sul,P001,2023-10-18,F029
132,Lorena Marques,403.77,19,40.14,Alentejo-Sul,P005,2023-11-16,F012
133,Gonçalo Amorim,452.46,9,13.62,Lisboa-Sul,P004,2023-12-28,F048
134,Violeta Ribeiro,182.88,19,40.44,Alentejo-Sul,P001,2024-04-13,F011
135,Naiara Costa,225.71,16,13.06,Porto-Norte,P002,2023-08-04,F050
136,Carlos Moura,145.52,10,20.12,Lisboa-Sul,P004,2023-09-09,F009
137,Erica Fonseca,408.92,1,41.32,Alentejo-Sul,P003,2024-03-19,F044
138,Rafaela Jesus,452.09,19,22.65,Coimbra-Centro,P004,2023-12-06,F025
139,Bárbara de Fernandes,313.91,10,20.09,Alentejo-Sul,P001,2023-07-14,F021
140,Tiago Silva,100.32,20,47.11,Algarve-Sul,P001,2024-05-30,F031
141,Erika Azevedo,368.57,10,18.05,Lisboa-Sul,P005,2024-06-30,F041
142,Clara Soares,159.29,13,9.33,Alentejo-Sul,P001,2023-11-29,F008
143,Artur Santos-Fonseca,252.61,9,37.24,Coimbra-Centro,P003,2023-11-22,F014
144,Bianca Gonçalves,338.82,10,20.25,Coimbra-Centro,P004,2023-12-01,F019
145,Lara-Laura Santos,389.43,13,35.34,Algarve-Sul,P001,2024-06-28,F021
146,Cristiano Freitas,177.5,12,28.91,Alentejo-Sul,P004,2023-08-26,F027
147,Gabriela Melo,229.9,12,44.8,Lisboa-Sul,P005,2024-06-07,F019
148,Rita Melo,32.08,14,49.16,Lisboa-Sul,P001,2023-08-22,F021
149,José de Pinho,277.55,3,34.64,Algarve-Sul,P003,2024-04-12,F049
150,Miriam Valente,63.57,6,46.97,Algarve-Sul,P001,2023-10-29,F041
151,Rúben da Coelho,388.61,5,33.63,Coimbra-Centro,P001,2024-03-20,F011
152,Tomé Batista,82.92,6,31.81,Lisboa-Sul,P004,2024-04-26,F050
153,Tomás Campos,489.55,11,26.39,Alentejo-Sul,P002,2024-06-03,F008
154,Letícia Lopes,233.45,11,44.9,Lisboa-Sul,P005,2023-12-06,F038
155,Joel Pires,441.41,11,31.27,Porto-Norte,P002,2024-02-18,F036
156,Amélia Andrade,417.4,18,35.57,Coimbra-Centro,P001,2024-05-13,F024
157,Leonor Ferreira,344.32,2,16.7,Alentejo-Sul,P003,2024-01-17,F003
158,Santiago Magalhães,464.43,5,29.59,Algarve-Sul,P002,2024-06-28,F013
159,Yara de Vaz,137.04,17,33.39,Alentejo-Sul,P002,2024-03-22,F009
160,Luísa Jesus,440.54,20,32.07,Alentejo-Sul,P005,2023-12-23,F019
161,Francisca Azevedo,130.44,8,38.64,Alentejo-Sul,P004,2023-08-28,F041
162,José Vieira,499.33,3,35.84,Porto-Norte,P005,2023-10-26,F020
163,Mia Valente,10.68,4,5.81,Lisboa-Sul,P004,2023-10-05,F013
164,Débora Amorim,278.02,3,17.93,Porto-Norte,P005,2024-05-28,F045
165,Larissa-Alexandra Anjos,164.47,3,43.27,Alentejo-Sul,P005,2023-07-26,F002
166,Alícia Rodrigues,74.57,8,34.93,Coimbra-Centro,P001,2023-07-31,F047
167,Matias da Cunha,308.75,3,13.45,Coimbra-Centro,P005,2024-03-05,F022
168,Carolina Martins,401.94,2,24.79,Porto-Norte,P005,2023-12-22,F008
169,Rodrigo Jesus,306.69,17,40.54,Algarve-Sul,P002,2024-04-08,F001
170,Camila-Nádia Lourenço,415.08,3,48.91,Coimbra-Centro,P002,2023-07-21,F014
171,Larissa do Ramos,367.1,5,11.05,Alentejo-Sul,P005,2024-07-01,F015
172,Luana Garcia,211.13,15,41.7,Lisboa-Sul,P004,2024-04-11,F037
173,Nair de Torres,254.09,19,31.92,Coimbra-Centro,P004,2024-01-29,F043
174,Guilherme Silva,263.36,1,27.91,Coimbra-Centro,P004,2023-08-21,F030
175,Carolina Lourenço,115.87,7,7.78,Porto-Norte,P005,2023-08-30,F023
176,Ricardo Pereira,130.35,10,30.73,Lisboa-Sul,P003,2024-06-17,F017
177,Erica de Valente,263.57,10,17.8,Porto-Norte,P003,2023-11-16,F032
178,Luísa Amorim,294.2,2,35.29,Porto-Norte,P004,2024-06-21,F020
179,Clara Pires,180.81,20,48.24,Lisboa-Sul,P002,2023-09-29,F035
180,António da Martins,458.59,15,11.43,Lisboa-Sul,P003,2023-12-06,F023
181,Isabela Sousa,381.81,10,37.04,Alentejo-Sul,P005,2023-11-05,F030
182,Mariana Sousa,374.49,13,39.11,Algarve-Sul,P005,2024-04-05,F042
183,Margarida Lourenço,217.82,17,41.08,Lisboa-Sul,P002,2023-12-21,F041
184,Beatriz Fernandes,151.81,10,10.88,Coimbra-Centro,P005,2023-12-17,F037
185,Isaac Amaral-Figueiredo,421.68,1,22.33,Alentejo-Sul,P002,2024-03-23,F018
186,Leonardo Rodrigues,307.8,6,36.33,Alentejo-Sul,P002,2023-12-13,F029
187,Erika Branco,264.81,4,23.58,Lisboa-Sul,P005,2024-03-26,F038
188,Cláudio Nunes,121.14,20,10.41,Porto-Norte,P003,2023-12-01,F034
189,Lúcia Anjos,286.48,20,27.54,Alentejo-Sul,P002,2023-07-09,F026
190,Marta Abreu,283.21,8,19.82,Alentejo-Sul,P003,2023-11-28,F008
191,Gonçalo Faria,42.01,18,36.86,Algarve-Sul,P005,2023-10-03,F023
192,Enzo Almeida,450.71,5,10.7,Porto-Norte,P001,2024-06-19,F016
193,Bruno Faria,491.25,4,43.59,Lisboa-Sul,P005,2024-06-19,F014
194,Valentim Pereira,108.64,5,35.93,Lisboa-Sul,P002,2024-04-07,F042
195,Alexandre Magalhães,177.02,10,42.2,Alentejo-Sul,P001,2024-01-14,F011
196,Vera-Mafalda Mota,204.31,17,21.51,Porto-Norte,P005,2023-07-07,F006
197,Miriam Assunção,51.81,8,41.9,Algarve-Sul,P004,2023-09-29,F015
198,Renato Martins,482.19,12,42.71,Porto-Norte,P002,2024-02-27,F042
199,Lara Ferreira,256.53,3,14.93,Alentejo-Sul,P004,2023-12-29,F002
200,Miriam Martins,429.53,12,14.01,Porto-Norte,P002,2024-04-12,F023
201,Marcos Freitas,142.21,5,43.72,Lisboa-Sul,P004,2023-07-11,F047
202,Jorge Loureiro,403.33,6,15.05,Lisboa-Sul,P002,2024-05-25,F034
203,Francisco Ramos,272.04,18,49.22,Porto-Norte,P005,2023-07-14,F010
204,Sebastião Antunes,202.47,2,19.26,Lisboa-Sul,P003,2024-02-18,F012
205,Ivo Almeida-Sousa,61.98,17,36.29,Coimbra-Centro,P001,2024-04-23,F022
206,Gabriela Martins,422.25,18,32.83,Alentejo-Sul,P002,2023-11-15,F013
207,Núria Lourenço,298.47,6,28.59,Algarve-Sul,P005,2023-10-10,F036
208,Gabriel da Baptista,287.69,6,19.19,Lisboa-Sul,P003,2024-06-29,F008
209,Fabiana Castro,306.53,2,49.81,Lisboa-Sul,P005,2023-10-19,F024
210,Luís Araújo-Loureiro,23.63,12,5.96,Algarve-Sul,P003,2024-04-19,F027
211,Tomás Matias,478.75,4,36.79,Algarve-Sul,P002,2024-05-19,F039
212,Débora Assunção,304.53,20,7.27,Algarve-Sul,P001,2023-09-03,F046
213,Salomé-Isabela Torres,121.58,17,9.51,Algarve-Sul,P001,2023-07-16,F001
214,Joaquim Coelho,287.76,11,27.38,Coimbra-Centro,P001,2024-02-02,F017
215,Artur Pacheco,177.73,10,14.3,Algarve-Sul,P001,2023-10-17,F010
216,Cristiano do Marques,440.18,8,7.56,Coimbra-Centro,P005,2024-04-14,F048
217,Alícia Nogueira,119.21,19,42.06,Coimbra-Centro,P005,2024-04-28,F001
218,Luca Ferreira,394.03,17,34.66,Algarve-Sul,P004,2024-01-01,F008
219,Leonardo Fonseca,114.35,3,39.9,Lisboa-Sul,P002,2024-06-02,F045
220,Sara Sousa,336.6,18,36.83,Coimbra-Centro,P002,2024-02-29,F046
221,Alexandra Ferreira-Correia,295.37,4,5.7,Lisboa-Sul,P005,2024-04-16,F049
222,Rodrigo Moura-Machado,357.51,13,40.81,Porto-Norte,P001,2023-10-21,F026
223,José Anjos,153.85,7,33.47,Porto-Norte,P004,2024-06-04,F042
224,Marta Tavares,219.07,18,28.7,Coimbra-Centro,P002,2024-06-27,F028
225,Vítor Cruz,495.72,9,7.67,Porto-Norte,P005,2024-04-19,F043
226,Raquel Nascimento,75.07,17,44.21,Algarve-Sul,P001,2024-04-23,F047
227,Érica Pereira,259.07,17,43.5,Algarve-Sul,P001,2024-04-29,F001
228,Madalena Marques,67.4,9,13.9,Coimbra-Centro,P003,2024-06-07,F030
229,Erica Tavares,13.42,20,26.09,Lisboa-Sul,P001,2024-04-04,F010
230,Bárbara-Catarina Nogueira,295.02,1,16.29,Lisboa-Sul,P004,2023-09-28,F018
231,Sérgio Gomes-Gomes,235.78,5,41.33,Alentejo-Sul,P002,2024-01-01,F018
232,Carlos de Assunção,183.9,14,12.1,Coimbra-Centro,P001,2023-07-05,F046
233,Noah Miranda,200.4,19,37.74,Coimbra-Centro,P002,2023-08-04,F034
234,Teresa Ramos,473.4,8,14.31,Algarve-Sul,P003,2024-03-26,F007
235,Kyara Lopes,134.07,8,45.22,Lisboa-Sul,P003,2024-03-21,F031
236,Débora do Torres,197.91,4,49.31,Coimbra-Centro,P003,2024-05-23,F035
237,Ivo Pacheco,180.39,5,17.54,Porto-Norte,P002,2023-08-02,F046
238,Emanuel Batista,433.36,15,34.84,Alentejo-Sul,P003,2023-12-29,F037
239,Ema Santos-Vieira,170.13,1,41.61,Coimbra-Centro,P001,2023-11-16,F001
240,César Vicente-Moreira,183.97,8,16.06,Porto-Norte,P001,2024-05-04,F032
241,Micael Alves,373.49,16,12.56,Algarve-Sul,P001,2024-04-11,F001
242,Carolina Araújo,424.1,15,42.97,Porto-Norte,P003,2023-12-15,F040
243,Nádia Fonseca,193.68,5,41.4,Algarve-Sul,P003,2024-01-11,F036
244,Francisca Cunha,332.25,9,40.1,Algarve-Sul,P003,2024-02-29,F007
245,Leandro do Almeida,278.09,1,6.87,Lisboa-Sul,P005,2024-06-24,F035
246,Miriam Pereira,231.14,16,38.04,Algarve-Sul,P005,2023-07-27,F003
247,Sérgio Machado,450.79,10,9.95,Lisboa-Sul,P004,2024-02-07,F046
248,Francisca Monteiro,438.05,8,23.09,Algarve-Sul,P005,2023-08-31,F009
249,Cristiano Sousa,89.85,7,35.3,Porto-Norte,P004,2024-03-24,F017
250,Anita-Carolina Barros,324.51,19,10.81,Alentejo-Sul,P005,2023-09-20,F042
251,Tomás Garcia,445.12,18,29.59,Lisboa-Sul,P003,2023-08-18,F001
252,Matilde Almeida,272.75,8,11.43,Lisboa-Sul,P002,2023-08-30,F018
253,Lia Gaspar,357.28,12,19.16,Alentejo-Sul,P005,2023-07-16,F003
254,Ricardo Alves,411.91,17,27.43,Lisboa-Sul,P002,2023-10-06,F024
255,Larissa Anjos-Castro,195.92,1,43.25,Lisboa-Sul,P005,2023-07-23,F013
256,Yara-Yasmin Pinho,499.21,6,9.78,Coimbra-Centro,P002,2024-04-13,F020
257,Benedita Miranda,457.25,14,43.69,Algarve-Sul,P004,2024-03-29,F029
258,Daniel Torres,81.54,6,6.13,Coimbra-Centro,P001,2024-03-15,F002
259,Erica Abreu,201.18,17,30.66,Coimbra-Centro,P003,2024-02-06,F026
260,Yara Costa,262.57,4,43.62,Algarve-Sul,P004,2024-04-04,F011
261,David Moreira,482.12,11,12.98,Algarve-Sul,P003,2024-03-31,F026
262,Caetana Barbosa,139.13,8,48.99,Coimbra-Centro,P002,2024-02-04,F042
263,Sebastião Borges,113.07,6,41.44,Coimbra-Centro,P004,2023-12-11,F038
264,Vera Moreira,257.17,13,6.22,Coimbra-Centro,P002,2024-03-09,F006
265,Lorena Leal,41.65,7,17.84,Alentejo-Sul,P003,2023-12-31,F033
266,Raquel Vaz,19.95,13,29.25,Lisboa-Sul,P005,2024-05-23,F024
267,Alice Sousa,183.84,4,48.68,Porto-Norte,P002,2024-02-23,F034
268,Catarina Pinheiro,102.53,17,38.09,Porto-Norte,P003,2024-04-26,F009
269,Lara-Mafalda Ferreira,210.6,4,30.2,Algarve-Sul,P004,2024-02-01,F025
270,Mateus Fonseca,389.41,20,7.78,Lisboa-Sul,P003,2024-04-09,F007
271,Noah Branco,85.01,19,27.63,Alentejo-Sul,P004,2023-11-25,F005
272,Larissa Mota,220.64,11,19.77,Coimbra-Centro,P004,2024-03-09,F010
273,Valentim Machado-Barros,160.75,12,41.66,Algarve-Sul,P001,2024-01-04,F005
274,Frederico Magalhães,87.66,3,9.83,Alentejo-Sul,P001,2023-08-27,F009
275,Joel do Barros,387.68,20,28.62,Alentejo-Sul,P003,2023-09-29,F050
276,Igor Carneiro,318.84,13,12.91,Alentejo-Sul,P004,2023-09-24,F023
277,Ivo Tavares-Barbosa,308.55,4,8.67,Coimbra-Centro,P002,2024-03-27,F010
278,Helena Esteves,53.18,15,24.8,Coimbra-Centro,P005,2024-03-29,F046
279,Rita Henriques,109.68,6,37.76,Coimbra-Centro,P005,2023-08-31,F047
280,Emanuel de Faria,342.6,9,39.02,Algarve-Sul,P002,2023-12-24,F035
281,Rafaela Sá,194.67,10,41.5,Algarve-Sul,P005,2024-06-12,F008
282,Camila Pinheiro,33.05,2,22.99,Porto-Norte,P004,2024-03-23,F050
283,Renato do Abreu,28.01,16,40.76,Porto-Norte,P004,2023-12-29,F008
284,Amélia Lopes,362.32,18,49.19,Lisboa-Sul,P002,2023-08-14,F038
285,Yara Garcia,249.61,6,37.13,Alentejo-Sul,P005,2024-06-11,F036
286,Bryan Ferreira,378.74,6,13.04,Algarve-Sul,P002,2024-06-27,F007
287,Ricardo Anjos,482.47,8,31.88,Alentejo-Sul,P002,2023-07-24,F002
288,Júlia do Cunha,420.64,3,17.75,Porto-Norte,P005,2024-02-27,F026
289,Raquel de Vicente,467.24,8,33.47,Alentejo-Sul,P003,2023-09-24,F002
290,Luana Santos,369.81,16,25.52,Algarve-Sul,P002,2023-11-15,F042
291,Mia Vicente,370.78,6,27.13,Algarve-Sul,P002,2023-12-26,F011
292,Margarida Ferreira,154.37,19,16.65,Lisboa-Sul,P002,2024-06-16,F022
293,Íris Santos,109.33,16,33.15,Lisboa-Sul,P004,2024-06-01,F034
294,Rúben Moura,127.86,6,8.15,Coimbra-Centro,P002,2024-05-18,F026
295,Gustavo Teixeira,68.9,19,39.35,Lisboa-Sul,P002,2023-10-17,F042
296,Luciana Maia,452.14,14,44.82,Algarve-Sul,P005,2024-03-03,F025
297,Nair Carneiro,48.7,1,46.99,Coimbra-Centro,P003,2023-12-27,F032
298,Pilar Andrade,41.92,11,36.57,Coimbra-Centro,P003,2023-10-21,F035
299,Isabel da Melo,272.8,12,7.24,Lisboa-Sul,P005,2023-09-25,F015
300,Érica Araújo,498.24,8,35.54,Lisboa-Sul,P004,2023-11-17,F013
301,Guilherme Lopes,166.08,16,26.84,Lisboa-Sul,P001,2023-12-25,F046
302,Helena Marques-Borges,353.65,11,42.13,Lisboa-Sul,P001,2024-01-04,F036
303,José Costa,453.05,7,41.26,Coimbra-Centro,P002,2023-09-06,F045
304,Tomás de Borges,51.21,8,26.46,Alentejo-Sul,P001,2023-07-07,F019
305,Joaquim Santos,493.01,20,45.31,Porto-Norte,P003,2023-10-20,F014
306,Eduardo Teixeira,492.24,5,29.39,Alentejo-Sul,P005,2023-10-09,F028
307,David Vieira-Gonçalves,111.07,7,45.77,Alentejo-Sul,P005,2023-12-10,F013
308,Isabel-Petra Costa,276.31,6,47.45,Porto-Norte,P001,2024-01-29,F047
309,Nádia Pinto,497.04,18,21.11,Algarve-Sul,P005,2024-02-08,F017
310,Miguel Rocha,153.14,17,8.88,Algarve-Sul,P001,2023-12-11,F024
311,Flor do Assunção,124.74,16,20.3,Lisboa-Sul,P001,2023-08-29,F007
312,Carlota Loureiro,322.71,15,9.18,Lisboa-Sul,P003,2024-01-11,F005
313,Renata Lima,165.05,13,24.68,Porto-Norte,P003,2024-06-03,F048
314,Bruno Cruz,338.71,13,40.12,Algarve-Sul,P003,2024-03-15,F030
315,Mélanie-Alícia Fonseca,99.22,20,44.66,Alentejo-Sul,P003,2023-11-20,F024
316,Filipe Andrade,258.8,3,5.49,Algarve-Sul,P002,2023-08-18,F037
317,Beatriz Sousa,96.33,11,35.54,Lisboa-Sul,P003,2023-08-30,F028
318,Soraia Barros,280.49,8,39.74,Porto-Norte,P003,2024-06-09,F018
319,Tiago Ribeiro,178.3,4,46.49,Lisboa-Sul,P005,2023-11-23,F033
320,Cristiano Abreu,175.36,11,40.62,Porto-Norte,P001,2023-10-12,F040
321,Joel Macedo,383.73,1,11.29,Porto-Norte,P002,2023-08-27,F035
322,Mário Borges,202.49,4,32.43,Alentejo-Sul,P003,2024-04-28,F017
323,Núria Vieira,29.93,11,41.62,Lisboa-Sul,P005,2024-02-04,F011
324,Teresa Campos-Tavares,378.06,8,42.33,Coimbra-Centro,P002,2024-06-07,F046
325,Carlos Faria-Castro,233.79,9,38.77,Algarve-Sul,P005,2024-04-13,F013
326,Helena Guerreiro,288.61,17,31.63,Lisboa-Sul,P003,2023-12-19,F041
327,Maria Andrade,426.17,15,36.26,Alentejo-Sul,P004,2024-04-24,F034
328,Santiago Guerreiro-Matias,203.49,18,21.85,Porto-Norte,P002,2024-06-06,F024
329,Andreia Rocha,46.97,13,30.53,Coimbra-Centro,P003,2024-06-16,F008
330,Diana Ferreira,72.41,6,21.14,Coimbra-Centro,P004,2024-06-23,F036
331,Isabel Esteves,435.82,10,28.14,Algarve-Sul,P003,2024-03-15,F011
332,Mateus da Henriques,234.81,15,13.18,Algarve-Sul,P003,2023-08-16,F009
333,Iara Coelho,384.78,19,34.99,Coimbra-Centro,P003,2024-01-30,F041
334,Flor Machado-Freitas,263.25,16,40.59,Algarve-Sul,P004,2023-07-15,F024
335,Rúben Figueiredo-Torres,447.84,6,11.23,Algarve-Sul,P002,2024-03-09,F021
336,Duarte Brito-Vieira,100.12,1,33.85,Algarve-Sul,P005,2023-09-10,F043
337,Pedro Andrade,488.58,11,23.0,Algarve-Sul,P004,2024-03-16,F011
338,Cristiano da Nunes,134.85,15,43.34,Porto-Norte,P002,2023-10-27,F025
339,Jéssica Cardoso,262.7,1,22.12,Coimbra-Centro,P004,2023-07-28,F039
340,Benedita Brito,26.43,16,40.58,Lisboa-Sul,P004,2023-09-16,F018
341,Guilherme Magalhães-Simões,394.61,13,23.98,Porto-Norte,P004,2024-01-30,F039
342,Teresa Nogueira,246.71,17,16.46,Alentejo-Sul,P002,2023-09-14,F015
343,Gabriel Esteves,139.03,9,18.72,Algarve-Sul,P004,2024-02-02,F050
344,Martim Assunção,480.04,10,48.13,Porto-Norte,P002,2023-09-24,F038
345,Gabriel Lourenço,56.23,2,48.53,Coimbra-Centro,P002,2024-03-04,F004
346,Raquel Castro,186.49,8,43.68,Alentejo-Sul,P004,2024-05-26,F031
347,Núria Rodrigues,359.71,19,45.38,Porto-Norte,P002,2024-01-02,F030
348,Kyara Amaral,263.3,10,40.35,Lisboa-Sul,P004,2023-11-25,F045
349,Naiara Machado-Pereira,439.6,3,43.31,Coimbra-Centro,P003,2024-02-07,F009
350,Emília Pinto,371.26,17,28.47,Alentejo-Sul,P002,2024-01-12,F033
351,Alexandre Faria,424.29,3,23.25,Algarve-Sul,P003,2023-12-17,F039
352,Ismael Rocha,193.33,4,30.79,Coimbra-Centro,P005,2024-01-16,F005
353,José Domingues,320.1,16,29.56,Lisboa-Sul,P003,2023-09-30,F014
354,Joana da Amorim,469.4,8,43.83,Algarve-Sul,P002,2023-10-24,F003
355,Francisco Morais,256.77,17,18.57,Algarve-Sul,P004,2024-04-11,F008
356,Kévim Soares,324.32,12,18.91,Algarve-Sul,P005,2023-12-12,F050
357,Nicole Mota-Lima,179.54,14,35.37,Alentejo-Sul,P001,2024-02-17,F026
358,Álvaro Baptista,68.07,14,30.09,Porto-Norte,P005,2023-11-01,F002
359,Igor Moreira-Garcia,372.92,7,16.93,Porto-Norte,P002,2024-01-24,F001
360,Álvaro Lima,467.46,6,33.79,Coimbra-Centro,P004,2024-01-20,F035
361,Laura de Simões,310.57,10,5.57,Porto-Norte,P003,2023-09-08,F020
362,Laura Coelho,23.31,20,42.37,Alentejo-Sul,P002,2023-08-01,F050
363,Luciana Machado,285.78,20,17.34,Alentejo-Sul,P003,2023-11-20,F013
364,Rita Ferreira,297.48,15,41.68,Alentejo-Sul,P005,2024-04-14,F040
365,Francisco Pinto-Cunha,142.58,2,34.02,Lisboa-Sul,P002,2024-04-24,F034
366,Sara Brito,377.98,18,25.34,Coimbra-Centro,P002,2024-07-03,F037
367,Henrique Henriques,484.17,8,38.54,Lisboa-Sul,P001,2024-02-04,F041
368,Lorena Sá,429.23,10,32.46,Porto-Norte,P003,2024-06-12,F040
369,Benedita Amorim,493.31,14,36.71,Coimbra-Centro,P002,2023-08-20,F024
370,Eva Barros-Ribeiro,435.16,6,8.25,Porto-Norte,P001,2023-09-11,F020
371,Santiago Soares,206.33,20,26.92,Alentejo-Sul,P005,2023-08-08,F007
372,Erica Pinheiro,151.34,19,28.32,Algarve-Sul,P002,2024-02-23,F006
373,Salomé-Bruna Alves,91.26,5,24.32,Lisboa-Sul,P005,2024-05-28,F015
374,Emília Matias,477.23,13,7.1,Lisboa-Sul,P001,2024-06-08,F031
375,Lara Barbosa,349.58,19,8.51,Coimbra-Centro,P005,2024-06-25,F041
376,Teresa da Leal,139.03,20,46.76,Algarve-Sul,P002,2024-06-28,F009
377,Isabela Neves,354.36,15,11.04,Porto-Norte,P003,2024-04-17,F020
378,Isabel Torres,52.9,1,18.51,Alentejo-Sul,P002,2024-01-06,F017
379,Bernardo Castro,297.26,1,11.69,Coimbra-Centro,P005,2023-07-25,F020
380,Ivo de Reis,355.99,2,49.52,Alentejo-Sul,P005,2024-01-02,F009
381,Samuel Nunes,360.95,13,30.07,Coimbra-Centro,P005,2024-03-01,F040
382,Rita Brito,214.17,10,24.81,Porto-Norte,P001,2024-02-24,F016
383,Kyara Amaral,404.25,5,21.07,Lisboa-Sul,P005,2024-05-18,F031
384,Gabriel Matos,475.8,9,26.5,Lisboa-Sul,P002,2024-05-24,F024
385,Luca Henriques,328.65,14,28.17,Coimbra-Centro,P004,2024-03-11,F031
386,Inês Gomes,311.9,13,34.52,Alentejo-Sul,P002,2023-09-15,F020
387,Melissa Pires,493.58,4,45.32,Porto-Norte,P003,2023-10-12,F041
388,Bárbara Coelho,108.72,19,22.8,Porto-Norte,P002,2024-01-13,F022
389,Ângela-Núria Simões,135.4,8,22.93,Alentejo-Sul,P004,2024-03-18,F014
390,Melissa Machado,465.36,11,31.08,Algarve-Sul,P004,2024-05-27,F033
391,Bianca Ferreira,253.63,12,44.55,Alentejo-Sul,P002,2023-07-05,F024
392,João Figueiredo-Torres,249.58,7,43.98,Lisboa-Sul,P001,2023-11-15,F021
393,Yasmin Branco,407.04,16,48.3,Lisboa-Sul,P001,2023-12-13,F006
394,Vera Almeida,155.11,6,47.32,Porto-Norte,P003,2023-11-13,F034
395,Rafaela Magalhães,256.53,11,34.11,Alentejo-Sul,P002,2023-08-14,F042
396,Edgar Carvalho,390.87,6,31.3,Porto-Norte,P004,2023-10-16,F004
397,Afonso Santos,39.03,8,37.36,Algarve-Sul,P002,2023-10-30,F034
398,Camila do Lima,153.15,20,31.38,Alentejo-Sul,P003,2024-01-18,F013
399,Beatriz Guerreiro,149.73,18,33.88,Porto-Norte,P003,2024-06-03,F041
400,Bryan do Santos,450.3,3,26.08,Porto-Norte,P005,2024-04-20,F013
401,Leonor Andrade,475.59,2,7.24,Alentejo-Sul,P001,2023-10-22,F050
402,Rita Fernandes,440.73,17,47.47,Porto-Norte,P005,2023-12-29,F025
403,Carminho Alves,359.13,13,45.47,Lisboa-Sul,P004,2023-08-24,F049
404,Carlota Simões,143.69,19,13.69,Alentejo-Sul,P004,2023-07-22,F016
405,Catarina Azevedo,193.26,2,7.81,Coimbra-Centro,P005,2023-09-11,F006
406,Bianca-Marta Assunção,196.9,16,43.36,Lisboa-Sul,P003,2023-09-03,F043
407,Valentim Simões,28.85,15,10.63,Algarve-Sul,P005,2023-09-01,F024
408,Catarina Barbosa,239.06,6,25.39,Lisboa-Sul,P001,2023-08-03,F026
409,Eva Moura,457.53,10,11.94,Alentejo-Sul,P001,2023-08-09,F010
410,Sandro Assunção-Garcia,213.22,3,31.03,Porto-Norte,P004,2023-12-03,F044
411,Patrícia Mota,162.28,12,32.62,Lisboa-Sul,P004,2023-07-09,F003
412,Xavier Faria,77.55,16,11.12,Algarve-Sul,P005,2023-08-22,F049
413,Camila Azevedo,481.9,2,22.97,Porto-Norte,P003,2024-01-07,F022
414,Vítor Leal,363.32,14,11.63,Algarve-Sul,P002,2024-05-15,F006
415,Bianca Lopes,295.8,16,49.07,Algarve-Sul,P005,2023-09-27,F040
416,Carolina Torres,20.63,10,18.57,Coimbra-Centro,P001,2023-10-12,F021
417,Noa Coelho,180.81,17,7.47,Lisboa-Sul,P001,2023-11-12,F031
418,Lucas Macedo,242.32,10,21.73,Algarve-Sul,P001,2023-12-08,F049
419,Vicente da Cruz,20.63,5,23.55,Porto-Norte,P005,2024-03-04,F021
420,Gonçalo Sá-Martins,257.61,10,43.98,Alentejo-Sul,P004,2023-12-24,F003
421,Gabriela Ferreira,268.36,6,23.82,Porto-Norte,P004,2024-01-16,F046
422,Sérgio Oliveira,361.42,4,19.84,Porto-Norte,P004,2024-05-14,F025
423,Rui Lopes,482.4,20,49.18,Porto-Norte,P002,2024-05-21,F021
424,Andreia Fernandes,72.02,18,20.26,Lisboa-Sul,P004,2023-07-08,F038
425,Clara Pinheiro,374.33,20,11.44,Lisboa-Sul,P002,2023-07-11,F046
426,Carolina Ferreira-Machado,364.99,15,10.53,Alentejo-Sul,P005,2024-03-17,F029
427,Salvador Lourenço,269.15,6,44.42,Algarve-Sul,P003,2023-10-01,F047
428,Núria Carvalho,376.27,11,38.31,Porto-Norte,P004,2024-02-12,F046
429,Sebastião Simões,374.71,10,23.74,Lisboa-Sul,P005,2023-08-20,F048
430,Mafalda do Assunção,247.29,7,29.88,Porto-Norte,P002,2023-08-22,F044
431,Raquel Ramos-Silva,108.87,6,42.61,Alentejo-Sul,P001,2023-07-27,F032
432,Filipe Pacheco,157.56,8,15.65,Porto-Norte,P003,2024-06-01,F036
433,Sérgio Sousa,339.48,1,39.17,Algarve-Sul,P004,2024-01-05,F032
434,Nelson Campos,185.17,13,39.56,Algarve-Sul,P004,2024-02-26,F027
435,Isaac de Valente,464.16,8,19.48,Alentejo-Sul,P003,2024-01-15,F021
436,Mafalda Figueiredo,50.4,16,32.94,Alentejo-Sul,P004,2024-04-21,F004
437,Diego Leite,464.14,14,20.61,Coimbra-Centro,P004,2024-04-27,F038
438,Cláudio Maia,254.78,13,37.18,Coimbra-Centro,P004,2024-01-16,F012
439,Nelson Jesus,359.97,14,33.94,Algarve-Sul,P001,2024-03-05,F033
440,André Silva,222.26,19,11.97,Lisboa-Sul,P001,2023-11-08,F020
441,Íris Moreira-Leal,423.76,7,31.72,Coimbra-Centro,P004,2024-03-21,F036
442,Ângela Miranda-Morais,447.02,15,5.61,Porto-Norte,P001,2023-12-25,F018
443,Patrícia Nascimento,493.64,15,42.06,Lisboa-Sul,P001,2024-03-04,F036
444,Noah Matias,309.72,8,26.89,Porto-Norte,P003,2024-02-07,F013
445,Luna Abreu,193.43,16,6.51,Coimbra-Centro,P001,2024-02-12,F012
446,Mafalda Branco-Gonçalves,84.65,5,11.58,Alentejo-Sul,P003,2023-10-14,F030
447,Gabriela de Pinheiro,401.13,17,15.02,Alentejo-Sul,P005,2024-05-14,F049
448,David Gaspar,453.44,14,31.8,Coimbra-Centro,P003,2024-05-20,F048
449,Nicole Branco,441.72,6,48.11,Lisboa-Sul,P004,2023-12-21,F021
450,Kévim Leite,160.01,12,41.64,Algarve-Sul,P002,2024-05-11,F044
451,Luciana Vaz,191.55,4,13.03,Lisboa-Sul,P001,2024-05-15,F036
452,Victória Nascimento-Borges,18.29,18,12.55,Algarve-Sul,P003,2023-07-14,F028
453,Ana Paiva,138.01,8,17.84,Alentejo-Sul,P004,2023-08-26,F048
454,Noah Paiva,217.84,2,48.76,Coimbra-Centro,P005,2024-06-21,F048
455,Emma Almeida-Pinto,326.8,1,29.8,Alentejo-Sul,P004,2024-01-15,F050
456,João Pinheiro,229.76,6,47.28,Coimbra-Centro,P004,2024-04-03,F009
457,Miriam Martins,387.06,3,33.99,Alentejo-Sul,P005,2023-12-03,F033
458,Pilar Pinto,38.4,20,27.59,Algarve-Sul,P003,2023-09-28,F015
459,Eduardo Machado,464.76,20,45.57,Alentejo-Sul,P005,2023-09-28,F010
460,Irina Miranda,488.75,10,7.61,Algarve-Sul,P003,2023-09-15,F040
461,João Gonçalves,457.96,18,37.8,Algarve-Sul,P003,2023-09-16,F017
462,Beatriz Cunha,352.35,12,36.91,Coimbra-Centro,P004,2024-03-30,F008
463,Miriam do Araújo,214.48,10,12.72,Algarve-Sul,P001,2024-06-20,F012
464,Vicente Lopes,260.27,14,36.88,Algarve-Sul,P005,2023-07-19,F034
465,Joana Valente,124.03,20,15.36,Algarve-Sul,P001,2023-11-25,F048
466,Ângela Ferreira,87.18,18,34.33,Lisboa-Sul,P002,2023-10-02,F003
467,William Ramos,98.42,6,38.41,Algarve-Sul,P002,2023-12-28,F027
468,Valentina-Alice Simões,479.89,16,44.86,Algarve-Sul,P001,2023-10-20,F020
469,Madalena Guerreiro,379.91,10,23.07,Lisboa-Sul,P002,2024-05-23,F048
470,Mariana Esteves-Oliveira,120.78,9,17.05,Alentejo-Sul,P004,2024-01-30,F029
471,Carlota Anjos-Macedo,11.62,10,20.6,Lisboa-Sul,P004,2024-04-09,F004
472,Henrique Rocha,471.19,4,28.41,Alentejo-Sul,P004,2024-03-29,F048
473,Rita Valente,393.5,20,26.99,Coimbra-Centro,P002,2024-05-28,F048
474,Diogo Figueiredo,81.79,4,35.66,Coimbra-Centro,P003,2024-04-18,F003
475,Emília Fonseca,124.05,13,37.89,Porto-Norte,P003,2024-05-07,F050
476,Noa Pinto,408.29,11,13.41,Lisboa-Sul,P002,2024-06-18,F021
477,Luciana Lopes,139.27,13,45.58,Alentejo-Sul,P001,2024-05-04,F011
478,Eduarda Amaral,335.41,3,36.54,Coimbra-Centro,P003,2024-05-18,F026
479,Noa Lourenço-Carvalho,69.2,5,10.62,Porto-Norte,P003,2023-08-16,F038
480,Noah Alves,50.69,18,24.99,Algarve-Sul,P003,2023-07-26,F021
481,Filipa Morais,257.35,3,6.52,Lisboa-Sul,P004,2023-11-05,F002
482,Camila Pinho-Paiva,310.62,6,46.55,Coimbra-Centro,P001,2023-11-17,F008
483,Núria Campos-Guerreiro,117.05,3,35.63,Porto-Norte,P003,2024-06-04,F020
484,Laura Barbosa-Pinho,412.17,17,19.27,Lisboa-Sul,P005,2023-10-05,F039
485,Melissa Mota,62.03,9,42.57,Lisboa-Sul,P002,2023-12-18,F034
486,Duarte Nogueira,128.0,11,29.55,Porto-Norte,P005,2023-07-30,F005
487,Isabel de Almeida,177.95,16,37.44,Alentejo-Sul,P003,2024-01-04,F035
488,Ismael do Marques,206.32,8,25.98,Alentejo-Sul,P002,2024-03-31,F040
489,Simão Domingues-Alves,374.26,17,29.26,Coimbra-Centro,P002,2024-02-27,F019
490,Adriana Anjos,68.43,14,12.6,Lisboa-Sul,P002,2024-02-12,F009
491,Erika-Sara Gonçalves,234.57,8,48.57,Lisboa-Sul,P004,2024-06-16,F038
492,Kévim Batista,17.53,12,13.9,Porto-Norte,P003,2024-01-24,F021
493,Vera Machado,287.93,17,7.5,Algarve-Sul,P004,2024-01-13,F020
494,Sérgio Castro,168.21,17,42.06,Porto-Norte,P004,2024-05-24,F042
495,Marta-Salomé Silva,109.6,5,7.98,Algarve-Sul,P003,2023-11-18,F010
496,Afonso Moura,375.91,5,29.0,Porto-Norte,P002,2023-08-31,F017
497,Helena Santos,155.05,3,9.67,Lisboa-Sul,P002,2024-01-28,F034
498,Leonardo Barbosa-Nogueira,215.38,13,20.59,Alentejo-Sul,P005,2023-11-11,F024
499,Edgar Maia,324.98,12,22.42,Lisboa-Sul,P002,2024-05-02,F033
500,Diana Ribeiro,243.89,3,12.61,Alentejo-Sul,P004,2023-07-14,F008
